Specie,Judet,An,Numar_Pomi,Kg_pe_Pom,Tone_Totale
Mere, Alba,2000,874496.0,8.0,6759.0
Mere, Alba,2001,828878.0,12.0,9728.0
Mere, Alba,2002,829665.0,11.0,8752.0
Mere, Alba,2003,828750.0,17.0,13811.0
Mere, Alba,2004,856253.0,36.0,30537.0
Mere, Alba,2005,721948.0,19.0,16222.0
Mere, Alba,2006,642301.0,19.0,11897.0
Mere, Alba,2007,516753.0,12.0,6113.0
Mere, Alba,2008,485493.0,17.0,8368.0
Mere, Alba,2009,520113.0,18.0,9439.0
Mere, Alba,2010,516810.0,23.0,11736.0
Mere, Alba,2011,507029.0,31.0,15883.0
Mere, Alba,2012,546902.0,16.0,8496.0
Mere, Alba,2013,522632.0,17.0,9017.0
Mere, Alba,2014,487473.0,18.0,8747.0
Mere, Alba,2015,530154.0,15.0,7819.0
Mere, Alba,2016,526772.0,16.0,8669.0
Mere, Alba,2017,519021.0,13.0,6833.0
Mere, Alba,2018,504048.0,30.0,14993.0
Mere, Alba,2019,481916.0,27.0,13057.0
Mere, Alba,2020,431779.0,27.0,11620.0
Mere, Alba,2021,528111.0,26.0,13850.0
Mere, Alba,2022,544246.0,22.0,11957.0
Mere, Alba,2023,608501.0,20.0,12280.0
Mere, Alba,2024,591711.0,20.0,11865.0
Mere, Arad,2000,1038309.0,7.0,7781.0
Mere, Arad,2001,1010597.0,8.0,7194.0
Mere, Arad,2002,958187.0,11.0,10263.0
Mere, Arad,2003,1061923.0,20.0,21101.0
Mere, Arad,2004,1187457.0,37.0,44501.0
Mere, Arad,2005,1927230.0,11.0,21036.0
Mere, Arad,2006,1597739.0,15.0,23314.0
Mere, Arad,2007,268088.0,36.0,9548.0
Mere, Arad,2008,233919.0,30.0,7118.0
Mere, Arad,2009,230337.0,28.0,6369.0
Mere, Arad,2010,1072219.0,11.0,11905.0
Mere, Arad,2011,564896.0,12.0,7049.0
Mere, Arad,2012,523408.0,13.0,6784.0
Mere, Arad,2013,520630.0,13.0,6628.0
Mere, Arad,2014,282884.0,19.0,5362.0
Mere, Arad,2015,411192.0,13.0,5244.0
Mere, Arad,2016,301282.0,15.0,4457.0
Mere, Arad,2017,302363.0,9.0,2759.0
Mere, Arad,2018,358264.0,16.0,5645.0
Mere, Arad,2019,295351.0,15.0,4565.0
Mere, Arad,2020,305407.0,18.0,5642.0
Mere, Arad,2021,457738.0,17.0,7706.0
Mere, Arad,2022,301494.0,25.0,7458.0
Mere, Arad,2023,401724.0,14.0,5543.0
Mere, Arad,2024,423911.0,11.0,4763.0
Mere, Arges,2000,1970372.0,22.0,42617.0
Mere, Arges,2001,2131198.0,14.0,23702.0
Mere, Arges,2002,1969397.0,11.0,20779.0
Mere, Arges,2003,1824447.0,33.0,59555.0
Mere, Arges,2004,1715474.0,28.0,47264.0
Mere, Arges,2005,1555588.0,18.0,28880.0
Mere, Arges,2006,1535142.0,23.0,35046.0
Mere, Arges,2007,1965275.0,20.0,38601.0
Mere, Arges,2008,1705137.0,19.0,32970.0
Mere, Arges,2009,1830287.0,19.0,34816.0
Mere, Arges,2010,1629827.0,28.0,44928.0
Mere, Arges,2011,1615833.0,35.0,57358.0
Mere, Arges,2012,1374862.0,31.0,41987.0
Mere, Arges,2013,1438041.0,34.0,48531.0
Mere, Arges,2014,1384084.0,32.0,44749.0
Mere, Arges,2015,1323491.0,31.0,40671.0
Mere, Arges,2016,1367401.0,29.0,39453.0
Mere, Arges,2017,1290455.0,10.0,12500.0
Mere, Arges,2018,1233336.0,50.0,62020.0
Mere, Arges,2019,1240173.0,21.0,26239.0
Mere, Arges,2020,1232718.0,30.0,36549.0
Mere, Arges,2021,1230956.0,35.0,42925.0
Mere, Arges,2022,1214901.0,31.0,38186.0
Mere, Arges,2023,1244617.0,31.0,38821.0
Mere, Arges,2024,1242744.0,27.0,33927.0
Mere, Bacau,2000,1058404.0,15.0,15381.0
Mere, Bacau,2001,911540.0,16.0,13596.0
Mere, Bacau,2002,878343.0,18.0,16111.0
Mere, Bacau,2003,828754.0,24.0,19559.0
Mere, Bacau,2004,604586.0,61.0,37172.0
Mere, Bacau,2005,789794.0,23.0,19898.0
Mere, Bacau,2006,674373.0,21.0,13829.0
Mere, Bacau,2007,430026.0,33.0,14142.0
Mere, Bacau,2008,563474.0,16.0,9022.0
Mere, Bacau,2009,552097.0,19.0,10645.0
Mere, Bacau,2010,510047.0,19.0,9929.0
Mere, Bacau,2011,558455.0,17.0,9446.0
Mere, Bacau,2012,466347.0,15.0,7047.0
Mere, Bacau,2013,557173.0,11.0,6385.0
Mere, Bacau,2014,525386.0,17.0,8921.0
Mere, Bacau,2015,657177.0,9.0,5601.0
Mere, Bacau,2016,539445.0,10.0,5445.0
Mere, Bacau,2017,540419.0,10.0,5597.0
Mere, Bacau,2018,383675.0,21.0,8042.0
Mere, Bacau,2019,367253.0,23.0,8597.0
Mere, Bacau,2020,373769.0,22.0,8187.0
Mere, Bacau,2021,1035684.0,9.0,9252.0
Mere, Bacau,2022,467123.0,14.0,6485.0
Mere, Bacau,2023,355827.0,15.0,5275.0
Mere, Bacau,2024,368518.0,14.0,5115.0
Mere, Bihor,2000,1719436.0,7.0,12260.0
Mere, Bihor,2001,1668290.0,7.0,12680.0
Mere, Bihor,2002,1505160.0,11.0,16020.0
Mere, Bihor,2003,1647963.0,9.0,15243.0
Mere, Bihor,2004,1481138.0,33.0,48476.0
Mere, Bihor,2005,862876.0,11.0,9781.0
Mere, Bihor,2006,874880.0,17.0,14679.0
Mere, Bihor,2007,1208586.0,7.0,8078.0
Mere, Bihor,2008,803456.0,21.0,16663.0
Mere, Bihor,2009,854438.0,22.0,19573.0
Mere, Bihor,2010,769558.0,13.0,9639.0
Mere, Bihor,2011,657334.0,45.0,29269.0
Mere, Bihor,2012,676754.0,29.0,19420.0
Mere, Bihor,2013,668735.0,36.0,23970.0
Mere, Bihor,2014,616169.0,34.0,20768.0
Mere, Bihor,2015,644498.0,23.0,15071.0
Mere, Bihor,2016,630834.0,19.0,12124.0
Mere, Bihor,2017,632819.0,20.0,12370.0
Mere, Bihor,2018,620150.0,25.0,15721.0
Mere, Bihor,2019,622162.0,23.0,14323.0
Mere, Bihor,2020,620908.0,22.0,13958.0
Mere, Bihor,2021,620205.0,26.0,15817.0
Mere, Bihor,2022,617652.0,21.0,13096.0
Mere, Bihor,2023,673632.0,20.0,13308.0
Mere, Bihor,2024,669974.0,19.0,12722.0
Mere, Bistrita-Nasaud,2000,3604668.0,8.0,28363.0
Mere, Bistrita-Nasaud,2001,3183135.0,8.0,24801.0
Mere, Bistrita-Nasaud,2002,2787788.0,11.0,31648.0
Mere, Bistrita-Nasaud,2003,2814308.0,10.0,27804.0
Mere, Bistrita-Nasaud,2004,2632764.0,14.0,37739.0
Mere, Bistrita-Nasaud,2005,2695753.0,14.0,39296.0
Mere, Bistrita-Nasaud,2006,2658554.0,14.0,36109.0
Mere, Bistrita-Nasaud,2007,2548142.0,7.0,21748.0
Mere, Bistrita-Nasaud,2008,2607691.0,3.0,8342.0
Mere, Bistrita-Nasaud,2009,1853743.0,10.0,17710.0
Mere, Bistrita-Nasaud,2010,1725942.0,6.0,10999.0
Mere, Bistrita-Nasaud,2011,1960249.0,16.0,31380.0
Mere, Bistrita-Nasaud,2012,1516554.0,14.0,21521.0
Mere, Bistrita-Nasaud,2013,1610269.0,27.0,44047.0
Mere, Bistrita-Nasaud,2014,1645720.0,24.0,39936.0
Mere, Bistrita-Nasaud,2015,1628721.0,20.0,33013.0
Mere, Bistrita-Nasaud,2016,1613245.0,22.0,35150.0
Mere, Bistrita-Nasaud,2017,1536244.0,12.0,18724.0
Mere, Bistrita-Nasaud,2018,1670900.0,19.0,31709.0
Mere, Bistrita-Nasaud,2019,1588640.0,19.0,30672.0
Mere, Bistrita-Nasaud,2020,1395929.0,21.0,29968.0
Mere, Bistrita-Nasaud,2021,1380177.0,21.0,28517.0
Mere, Bistrita-Nasaud,2022,1409663.0,16.0,22789.0
Mere, Bistrita-Nasaud,2023,1374245.0,15.0,21296.0
Mere, Bistrita-Nasaud,2024,1340987.0,16.0,21920.0
Mere, Botosani,2000,680255.0,9.0,5869.0
Mere, Botosani,2001,783812.0,14.0,9212.0
Mere, Botosani,2002,765061.0,13.0,10245.0
Mere, Botosani,2003,800354.0,19.0,14833.0
Mere, Botosani,2004,1344340.0,39.0,52682.0
Mere, Botosani,2005,1133374.0,21.0,24751.0
Mere, Botosani,2006,697537.0,21.0,14736.0
Mere, Botosani,2007,708378.0,11.0,7510.0
Mere, Botosani,2008,717057.0,15.0,10536.0
Mere, Botosani,2009,719730.0,19.0,13881.0
Mere, Botosani,2010,609087.0,32.0,19231.0
Mere, Botosani,2011,680879.0,30.0,20196.0
Mere, Botosani,2012,737061.0,21.0,15542.0
Mere, Botosani,2013,766535.0,23.0,17457.0
Mere, Botosani,2014,683215.0,21.0,14120.0
Mere, Botosani,2015,251980.0,50.0,12628.0
Mere, Botosani,2016,242052.0,47.0,11393.0
Mere, Botosani,2017,235576.0,54.0,12755.0
Mere, Botosani,2018,250115.0,58.0,14617.0
Mere, Botosani,2019,283096.0,41.0,11696.0
Mere, Botosani,2020,272934.0,40.0,10960.0
Mere, Botosani,2021,285397.0,45.0,12820.0
Mere, Botosani,2022,278955.0,40.0,11134.0
Mere, Botosani,2023,280695.0,35.0,9928.0
Mere, Botosani,2024,320311.0,31.0,10088.0
Mere, Braila,2000,121584.0,6.0,710.0
Mere, Braila,2001,133919.0,11.0,2117.0
Mere, Braila,2002,113896.0,7.0,778.0
Mere, Braila,2003,110433.0,11.0,1223.0
Mere, Braila,2004,99947.0,15.0,1467.0
Mere, Braila,2005,57165.0,3.0,275.0
Mere, Braila,2006,107716.0,20.0,2108.0
Mere, Braila,2007,46976.0,9.0,440.0
Mere, Braila,2008,95785.0,12.0,1183.0
Mere, Braila,2009,72002.0,16.0,1139.0
Mere, Braila,2010,77028.0,17.0,1275.0
Mere, Braila,2011,90586.0,20.0,1822.0
Mere, Braila,2012,74170.0,14.0,1018.0
Mere, Braila,2013,82832.0,20.0,1644.0
Mere, Braila,2014,89617.0,19.0,1734.0
Mere, Braila,2015,65487.0,20.0,1306.0
Mere, Braila,2016,61561.0,20.0,1239.0
Mere, Braila,2017,61885.0,12.0,745.0
Mere, Braila,2018,72425.0,18.0,1305.0
Mere, Braila,2019,107006.0,10.0,1027.0
Mere, Braila,2020,107472.0,11.0,1192.0
Mere, Braila,2021,60597.0,9.0,559.0
Mere, Braila,2022,61916.0,9.0,548.0
Mere, Braila,2023,54669.0,8.0,422.0
Mere, Braila,2024,53042.0,10.0,532.0
Mere, Brasov,2000,723331.0,6.0,4151.0
Mere, Brasov,2001,722911.0,4.0,2722.0
Mere, Brasov,2002,678955.0,7.0,4604.0
Mere, Brasov,2003,682746.0,10.0,6549.0
Mere, Brasov,2004,559192.0,38.0,21084.0
Mere, Brasov,2005,1086375.0,3.0,3546.0
Mere, Brasov,2006,723437.0,7.0,5425.0
Mere, Brasov,2007,576174.0,5.0,2813.0
Mere, Brasov,2008,106816.0,13.0,1370.0
Mere, Brasov,2009,109873.0,11.0,1195.0
Mere, Brasov,2010,156054.0,9.0,1364.0
Mere, Brasov,2011,572569.0,8.0,4312.0
Mere, Brasov,2012,548311.0,6.0,3041.0
Mere, Brasov,2013,544279.0,6.0,3153.0
Mere, Brasov,2014,541040.0,6.0,3240.0
Mere, Brasov,2015,530027.0,4.0,2158.0
Mere, Brasov,2016,544117.0,7.0,3604.0
Mere, Brasov,2017,542052.0,7.0,3953.0
Mere, Brasov,2018,529714.0,10.0,5085.0
Mere, Brasov,2019,529712.0,8.0,4419.0
Mere, Brasov,2020,526921.0,21.0,11043.0
Mere, Brasov,2021,553582.0,20.0,11146.0
Mere, Brasov,2022,531149.0,11.0,6036.0
Mere, Brasov,2023,609603.0,12.0,7353.0
Mere, Brasov,2024,627889.0,10.0,6464.0
Mere, Buzau,2000,864126.0,9.0,7894.0
Mere, Buzau,2001,856545.0,22.0,15854.0
Mere, Buzau,2002,842407.0,6.0,4770.0
Mere, Buzau,2003,724275.0,32.0,23061.0
Mere, Buzau,2004,753808.0,12.0,8967.0
Mere, Buzau,2005,743436.0,28.0,21124.0
Mere, Buzau,2006,590786.0,21.0,12400.0
Mere, Buzau,2007,765021.0,21.0,16045.0
Mere, Buzau,2008,760784.0,13.0,9654.0
Mere, Buzau,2009,684045.0,10.0,6909.0
Mere, Buzau,2010,726483.0,27.0,19880.0
Mere, Buzau,2011,692000.0,30.0,20949.0
Mere, Buzau,2012,697176.0,19.0,13167.0
Mere, Buzau,2013,686685.0,23.0,16042.0
Mere, Buzau,2014,691698.0,23.0,15970.0
Mere, Buzau,2015,691302.0,21.0,14339.0
Mere, Buzau,2016,703838.0,19.0,13556.0
Mere, Buzau,2017,706476.0,10.0,7367.0
Mere, Buzau,2018,685082.0,26.0,17581.0
Mere, Buzau,2019,689408.0,22.0,15443.0
Mere, Buzau,2020,694252.0,21.0,14857.0
Mere, Buzau,2021,685095.0,30.0,20743.0
Mere, Buzau,2022,684296.0,25.0,16809.0
Mere, Buzau,2023,668247.0,25.0,16640.0
Mere, Buzau,2024,671283.0,21.0,13817.0
Mere, Calarasi,2000,61003.0,14.0,861.0
Mere, Calarasi,2001,47613.0,18.0,762.0
Mere, Calarasi,2002,56086.0,11.0,620.0
Mere, Calarasi,2003,51234.0,19.0,966.0
Mere, Calarasi,2004,62897.0,17.0,1079.0
Mere, Calarasi,2005,50866.0,15.0,1200.0
Mere, Calarasi,2006,37891.0,13.0,483.0
Mere, Calarasi,2007,49303.0,1.0,62.0
Mere, Calarasi,2008,95895.0,6.0,564.0
Mere, Calarasi,2009,57246.0,8.0,458.0
Mere, Calarasi,2010,63740.0,10.0,661.0
Mere, Calarasi,2011,43791.0,16.0,680.0
Mere, Calarasi,2012,42451.0,15.0,634.0
Mere, Calarasi,2013,68690.0,12.0,832.0
Mere, Calarasi,2014,48837.0,15.0,753.0
Mere, Calarasi,2015,56359.0,13.0,738.0
Mere, Calarasi,2016,56201.0,13.0,729.0
Mere, Calarasi,2017,55247.0,13.0,737.0
Mere, Calarasi,2018,40288.0,22.0,886.0
Mere, Calarasi,2019,41133.0,19.0,790.0
Mere, Calarasi,2020,39775.0,19.0,745.0
Mere, Calarasi,2021,38847.0,20.0,796.0
Mere, Calarasi,2022,39005.0,19.0,729.0
Mere, Calarasi,2023,102804.0,10.0,1029.0
Mere, Calarasi,2024,73137.0,9.0,690.0
Mere, Caras-Severin,2000,1167380.0,12.0,13719.0
Mere, Caras-Severin,2001,1148461.0,21.0,21245.0
Mere, Caras-Severin,2002,1148446.0,7.0,7527.0
Mere, Caras-Severin,2003,1061431.0,29.0,30978.0
Mere, Caras-Severin,2004,1162331.0,16.0,18044.0
Mere, Caras-Severin,2005,1047013.0,16.0,17164.0
Mere, Caras-Severin,2006,899625.0,14.0,12581.0
Mere, Caras-Severin,2007,913966.0,14.0,13190.0
Mere, Caras-Severin,2008,740354.0,12.0,8836.0
Mere, Caras-Severin,2009,721177.0,10.0,7127.0
Mere, Caras-Severin,2010,698109.0,9.0,6349.0
Mere, Caras-Severin,2011,882958.0,10.0,9158.0
Mere, Caras-Severin,2012,919152.0,8.0,7308.0
Mere, Caras-Severin,2013,1070450.0,9.0,9692.0
Mere, Caras-Severin,2014,881678.0,9.0,8240.0
Mere, Caras-Severin,2015,846373.0,9.0,7982.0
Mere, Caras-Severin,2016,842142.0,8.0,6753.0
Mere, Caras-Severin,2017,841766.0,9.0,7468.0
Mere, Caras-Severin,2018,827608.0,20.0,16566.0
Mere, Caras-Severin,2019,832416.0,17.0,13894.0
Mere, Caras-Severin,2020,830727.0,16.0,13533.0
Mere, Caras-Severin,2021,843002.0,17.0,13996.0
Mere, Caras-Severin,2022,849136.0,14.0,11878.0
Mere, Caras-Severin,2023,870708.0,13.0,11336.0
Mere, Caras-Severin,2024,907581.0,13.0,11654.0
Mere, Cluj,2000,2847271.0,13.0,38159.0
Mere, Cluj,2001,2651648.0,13.0,31650.0
Mere, Cluj,2002,2614623.0,15.0,38462.0
Mere, Cluj,2003,2491670.0,18.0,44229.0
Mere, Cluj,2004,2460792.0,16.0,39459.0
Mere, Cluj,2005,2273645.0,9.0,22736.0
Mere, Cluj,2006,1939054.0,11.0,21747.0
Mere, Cluj,2007,785003.0,5.0,3568.0
Mere, Cluj,2008,731202.0,8.0,5573.0
Mere, Cluj,2009,601232.0,17.0,10173.0
Mere, Cluj,2010,427352.0,11.0,4847.0
Mere, Cluj,2011,438586.0,18.0,8088.0
Mere, Cluj,2012,502119.0,11.0,5511.0
Mere, Cluj,2013,513229.0,15.0,7955.0
Mere, Cluj,2014,509236.0,14.0,7328.0
Mere, Cluj,2015,443917.0,16.0,7017.0
Mere, Cluj,2016,422136.0,17.0,7294.0
Mere, Cluj,2017,419025.0,14.0,5782.0
Mere, Cluj,2018,426820.0,22.0,9545.0
Mere, Cluj,2019,498399.0,17.0,8368.0
Mere, Cluj,2020,478512.0,16.0,7735.0
Mere, Cluj,2021,391444.0,21.0,8087.0
Mere, Cluj,2022,532271.0,16.0,8604.0
Mere, Cluj,2023,472819.0,16.0,7588.0
Mere, Cluj,2024,595389.0,14.0,8309.0
Mere, Constanta,2000,307559.0,5.0,1680.0
Mere, Constanta,2001,303345.0,15.0,2154.0
Mere, Constanta,2002,315102.0,9.0,2815.0
Mere, Constanta,2003,233804.0,12.0,2747.0
Mere, Constanta,2004,142125.0,42.0,6017.0
Mere, Constanta,2005,264596.0,10.0,3011.0
Mere, Constanta,2006,169204.0,13.0,2127.0
Mere, Constanta,2007,215103.0,9.0,1952.0
Mere, Constanta,2008,127602.0,9.0,1161.0
Mere, Constanta,2009,81090.0,8.0,613.0
Mere, Constanta,2010,114486.0,5.0,530.0
Mere, Constanta,2011,118532.0,8.0,931.0
Mere, Constanta,2012,120432.0,5.0,638.0
Mere, Constanta,2013,69555.0,9.0,640.0
Mere, Constanta,2014,121940.0,8.0,927.0
Mere, Constanta,2015,64487.0,8.0,547.0
Mere, Constanta,2016,47383.0,8.0,390.0
Mere, Constanta,2017,47013.0,11.0,503.0
Mere, Constanta,2018,41074.0,19.0,772.0
Mere, Constanta,2019,41748.0,17.0,696.0
Mere, Constanta,2020,40586.0,17.0,677.0
Mere, Constanta,2021,41054.0,16.0,670.0
Mere, Constanta,2022,39820.0,15.0,587.0
Mere, Constanta,2023,42069.0,13.0,555.0
Mere, Constanta,2024,42097.0,13.0,530.0
Mere, Covasna,2000,276210.0,10.0,2718.0
Mere, Covasna,2001,255387.0,19.0,4049.0
Mere, Covasna,2002,261959.0,18.0,4840.0
Mere, Covasna,2003,261072.0,53.0,13845.0
Mere, Covasna,2004,257313.0,52.0,13264.0
Mere, Covasna,2005,234050.0,23.0,5803.0
Mere, Covasna,2006,237059.0,21.0,5029.0
Mere, Covasna,2007,320120.0,21.0,6628.0
Mere, Covasna,2008,258970.0,41.0,10536.0
Mere, Covasna,2009,258497.0,18.0,4710.0
Mere, Covasna,2010,256456.0,18.0,4518.0
Mere, Covasna,2011,257086.0,22.0,5645.0
Mere, Covasna,2012,259651.0,11.0,2980.0
Mere, Covasna,2013,258783.0,10.0,2685.0
Mere, Covasna,2014,254377.0,14.0,3556.0
Mere, Covasna,2015,242862.0,12.0,2803.0
Mere, Covasna,2016,243226.0,12.0,2905.0
Mere, Covasna,2017,242071.0,12.0,2843.0
Mere, Covasna,2018,242234.0,18.0,4260.0
Mere, Covasna,2019,242397.0,16.0,3952.0
Mere, Covasna,2020,242037.0,16.0,3800.0
Mere, Covasna,2021,242334.0,19.0,4491.0
Mere, Covasna,2022,242030.0,17.0,4172.0
Mere, Covasna,2023,243067.0,17.0,4138.0
Mere, Covasna,2024,242620.0,16.0,3962.0
Mere, Dambovita,2000,1566406.0,27.0,41884.0
Mere, Dambovita,2001,1535726.0,32.0,47632.0
Mere, Dambovita,2002,1637530.0,21.0,33962.0
Mere, Dambovita,2003,1556145.0,43.0,67569.0
Mere, Dambovita,2004,1578579.0,45.0,71310.0
Mere, Dambovita,2005,1626116.0,28.0,47052.0
Mere, Dambovita,2006,1538801.0,32.0,49517.0
Mere, Dambovita,2007,1707366.0,57.0,96572.0
Mere, Dambovita,2008,1668246.0,24.0,39610.0
Mere, Dambovita,2009,1794961.0,34.0,61148.0
Mere, Dambovita,2010,1983850.0,42.0,83726.0
Mere, Dambovita,2011,1971164.0,32.0,63389.0
Mere, Dambovita,2012,1370656.0,44.0,60809.0
Mere, Dambovita,2013,1319787.0,43.0,56430.0
Mere, Dambovita,2014,1301848.0,32.0,41623.0
Mere, Dambovita,2015,1307791.0,34.0,44690.0
Mere, Dambovita,2016,1304329.0,47.0,61688.0
Mere, Dambovita,2017,1290572.0,34.0,43809.0
Mere, Dambovita,2018,1277345.0,67.0,85061.0
Mere, Dambovita,2019,1280089.0,38.0,48275.0
Mere, Dambovita,2020,1429778.0,39.0,55340.0
Mere, Dambovita,2021,1419665.0,45.0,64079.0
Mere, Dambovita,2022,1418870.0,63.0,88711.0
Mere, Dambovita,2023,1477417.0,59.0,87848.0
Mere, Dambovita,2024,1434358.0,58.0,82628.0
Mere, Dolj,2000,1357025.0,3.0,4245.0
Mere, Dolj,2001,1216090.0,21.0,4808.0
Mere, Dolj,2002,1146108.0,1.0,1579.0
Mere, Dolj,2003,1390847.0,4.0,5375.0
Mere, Dolj,2004,1350295.0,3.0,3443.0
Mere, Dolj,2005,850302.0,23.0,19974.0
Mere, Dolj,2006,485470.0,11.0,5102.0
Mere, Dolj,2007,193000.0,26.0,5034.0
Mere, Dolj,2008,160722.0,21.0,3449.0
Mere, Dolj,2009,129796.0,19.0,2430.0
Mere, Dolj,2010,143723.0,14.0,1962.0
Mere, Dolj,2011,135585.0,15.0,2050.0
Mere, Dolj,2012,159837.0,12.0,1839.0
Mere, Dolj,2013,178292.0,11.0,1994.0
Mere, Dolj,2014,146797.0,16.0,2369.0
Mere, Dolj,2015,118105.0,14.0,1642.0
Mere, Dolj,2016,131787.0,14.0,1891.0
Mere, Dolj,2017,127452.0,12.0,1515.0
Mere, Dolj,2018,141560.0,12.0,1645.0
Mere, Dolj,2019,120376.0,13.0,1623.0
Mere, Dolj,2020,369952.0,6.0,2035.0
Mere, Dolj,2021,188683.0,11.0,2054.0
Mere, Dolj,2022,69990.0,18.0,1287.0
Mere, Dolj,2023,103125.0,12.0,1204.0
Mere, Dolj,2024,104005.0,10.0,1070.0
Mere, Galati,2000,402791.0,13.0,5093.0
Mere, Galati,2001,422009.0,14.0,4697.0
Mere, Galati,2002,405434.0,16.0,6366.0
Mere, Galati,2003,454314.0,17.0,7925.0
Mere, Galati,2004,431713.0,34.0,14865.0
Mere, Galati,2005,488771.0,23.0,11746.0
Mere, Galati,2006,314944.0,18.0,5559.0
Mere, Galati,2007,164867.0,7.0,1163.0
Mere, Galati,2008,184247.0,15.0,2759.0
Mere, Galati,2009,228709.0,13.0,2906.0
Mere, Galati,2010,261856.0,18.0,4825.0
Mere, Galati,2011,202941.0,15.0,3013.0
Mere, Galati,2012,181671.0,15.0,2668.0
Mere, Galati,2013,146683.0,14.0,2091.0
Mere, Galati,2014,146328.0,19.0,2839.0
Mere, Galati,2015,196302.0,18.0,3493.0
Mere, Galati,2016,167377.0,20.0,3422.0
Mere, Galati,2017,174127.0,17.0,3028.0
Mere, Galati,2018,216293.0,17.0,3597.0
Mere, Galati,2019,130169.0,21.0,2698.0
Mere, Galati,2020,137445.0,19.0,2558.0
Mere, Galati,2021,154068.0,20.0,3045.0
Mere, Galati,2022,150525.0,18.0,2650.0
Mere, Galati,2023,134616.0,17.0,2298.0
Mere, Galati,2024,196155.0,11.0,2063.0
Mere, Giurgiu,2000,47541.0,17.0,827.0
Mere, Giurgiu,2001,46910.0,26.0,1214.0
Mere, Giurgiu,2002,48596.0,15.0,711.0
Mere, Giurgiu,2003,44420.0,26.0,1166.0
Mere, Giurgiu,2004,46028.0,22.0,1022.0
Mere, Giurgiu,2005,45316.0,12.0,1068.0
Mere, Giurgiu,2006,45261.0,17.0,755.0
Mere, Giurgiu,2007,63901.0,6.0,373.0
Mere, Giurgiu,2008,102491.0,8.0,780.0
Mere, Giurgiu,2009,76933.0,16.0,1197.0
Mere, Giurgiu,2010,120085.0,11.0,1379.0
Mere, Giurgiu,2011,60528.0,26.0,1545.0
Mere, Giurgiu,2012,124653.0,8.0,1029.0
Mere, Giurgiu,2013,124872.0,11.0,1328.0
Mere, Giurgiu,2014,70616.0,21.0,1504.0
Mere, Giurgiu,2015,89008.0,25.0,2198.0
Mere, Giurgiu,2016,84891.0,23.0,1952.0
Mere, Giurgiu,2017,84491.0,19.0,1641.0
Mere, Giurgiu,2018,84711.0,29.0,2451.0
Mere, Giurgiu,2019,85500.0,27.0,2341.0
Mere, Giurgiu,2020,85511.0,26.0,2225.0
Mere, Giurgiu,2021,86271.0,25.0,2193.0
Mere, Giurgiu,2022,87249.0,23.0,1981.0
Mere, Giurgiu,2023,148486.0,21.0,3044.0
Mere, Giurgiu,2024,143875.0,13.0,1934.0
Mere, Gorj,2000,1122643.0,4.0,4283.0
Mere, Gorj,2001,921954.0,5.0,4054.0
Mere, Gorj,2002,791019.0,2.0,1650.0
Mere, Gorj,2003,589865.0,15.0,9132.0
Mere, Gorj,2004,559850.0,25.0,13767.0
Mere, Gorj,2005,558211.0,5.0,3181.0
Mere, Gorj,2006,439901.0,13.0,5814.0
Mere, Gorj,2007,398316.0,14.0,5657.0
Mere, Gorj,2008,377450.0,13.0,4968.0
Mere, Gorj,2009,379833.0,12.0,4425.0
Mere, Gorj,2010,361256.0,11.0,4063.0
Mere, Gorj,2011,364930.0,22.0,8011.0
Mere, Gorj,2012,379535.0,10.0,3716.0
Mere, Gorj,2013,365957.0,18.0,6574.0
Mere, Gorj,2014,347861.0,18.0,6305.0
Mere, Gorj,2015,373905.0,18.0,6809.0
Mere, Gorj,2016,367165.0,18.0,6633.0
Mere, Gorj,2017,372057.0,10.0,3869.0
Mere, Gorj,2018,374341.0,23.0,8582.0
Mere, Gorj,2019,371531.0,24.0,8749.0
Mere, Gorj,2020,370845.0,23.0,8359.0
Mere, Gorj,2021,379381.0,22.0,8363.0
Mere, Gorj,2022,374351.0,19.0,7217.0
Mere, Gorj,2023,366831.0,19.0,6903.0
Mere, Gorj,2024,364183.0,17.0,6055.0
Mere, Harghita,2000,571187.0,6.0,3607.0
Mere, Harghita,2001,713764.0,8.0,5464.0
Mere, Harghita,2002,717553.0,8.0,6087.0
Mere, Harghita,2003,687530.0,10.0,6883.0
Mere, Harghita,2004,705312.0,14.0,10223.0
Mere, Harghita,2005,683021.0,10.0,7157.0
Mere, Harghita,2006,554245.0,13.0,7319.0
Mere, Harghita,2007,429466.0,7.0,3084.0
Mere, Harghita,2008,418055.0,10.0,4109.0
Mere, Harghita,2009,337591.0,12.0,4152.0
Mere, Harghita,2010,336814.0,12.0,3917.0
Mere, Harghita,2011,344052.0,17.0,5942.0
Mere, Harghita,2012,336020.0,12.0,3909.0
Mere, Harghita,2013,335481.0,13.0,4368.0
Mere, Harghita,2014,327979.0,12.0,3925.0
Mere, Harghita,2015,325521.0,12.0,3912.0
Mere, Harghita,2016,325190.0,9.0,2935.0
Mere, Harghita,2017,326515.0,10.0,3330.0
Mere, Harghita,2018,324951.0,19.0,6148.0
Mere, Harghita,2019,324682.0,16.0,5236.0
Mere, Harghita,2020,327240.0,15.0,4929.0
Mere, Harghita,2021,325934.0,15.0,4935.0
Mere, Harghita,2022,325067.0,13.0,4260.0
Mere, Harghita,2023,323515.0,13.0,4130.0
Mere, Harghita,2024,323769.0,13.0,4054.0
Mere, Hunedoara,2000,821521.0,15.0,12208.0
Mere, Hunedoara,2001,818746.0,10.0,7581.0
Mere, Hunedoara,2002,805016.0,9.0,7201.0
Mere, Hunedoara,2003,725796.0,20.0,14184.0
Mere, Hunedoara,2004,554495.0,54.0,30041.0
Mere, Hunedoara,2005,549908.0,11.0,6865.0
Mere, Hunedoara,2006,512464.0,16.0,8359.0
Mere, Hunedoara,2007,418625.0,11.0,4542.0
Mere, Hunedoara,2008,417778.0,13.0,5244.0
Mere, Hunedoara,2009,440868.0,12.0,5153.0
Mere, Hunedoara,2010,799003.0,8.0,6475.0
Mere, Hunedoara,2011,456251.0,24.0,10985.0
Mere, Hunedoara,2012,457368.0,15.0,6639.0
Mere, Hunedoara,2013,458710.0,18.0,8261.0
Mere, Hunedoara,2014,459769.0,16.0,7406.0
Mere, Hunedoara,2015,458583.0,18.0,8163.0
Mere, Hunedoara,2016,454865.0,15.0,7027.0
Mere, Hunedoara,2017,455985.0,15.0,6934.0
Mere, Hunedoara,2018,452226.0,31.0,14085.0
Mere, Hunedoara,2019,452414.0,22.0,9940.0
Mere, Hunedoara,2020,455602.0,20.0,9237.0
Mere, Hunedoara,2021,458968.0,21.0,9485.0
Mere, Hunedoara,2022,455398.0,19.0,8470.0
Mere, Hunedoara,2023,454558.0,18.0,8047.0
Mere, Hunedoara,2024,454384.0,17.0,7781.0
Mere, Ialomita,2000,44552.0,22.0,965.0
Mere, Ialomita,2001,39786.0,11.0,462.0
Mere, Ialomita,2002,32165.0,5.0,176.0
Mere, Ialomita,2003,45032.0,3.0,121.0
Mere, Ialomita,2004,29253.0,15.0,453.0
Mere, Ialomita,2005,41664.0,32.0,1572.0
Mere, Ialomita,2006,38331.0,15.0,591.0
Mere, Ialomita,2007,9461.0,4.0,38.0
Mere, Ialomita,2008,10954.0,10.0,112.0
Mere, Ialomita,2009,14759.0,8.0,114.0
Mere, Ialomita,2010,8954.0,13.0,119.0
Mere, Ialomita,2011,9723.0,18.0,179.0
Mere, Ialomita,2012,7446.0,20.0,148.0
Mere, Ialomita,2013,15459.0,19.0,287.0
Mere, Ialomita,2014,9728.0,21.0,208.0
Mere, Ialomita,2015,10078.0,18.0,178.0
Mere, Ialomita,2016,9004.0,20.0,181.0
Mere, Ialomita,2017,7972.0,21.0,164.0
Mere, Ialomita,2018,8093.0,29.0,236.0
Mere, Ialomita,2019,20715.0,13.0,263.0
Mere, Ialomita,2020,20649.0,12.0,241.0
Mere, Ialomita,2021,16848.0,10.0,176.0
Mere, Ialomita,2022,15775.0,10.0,160.0
Mere, Ialomita,2023,17740.0,27.0,476.0
Mere, Ialomita,2024,18266.0,14.0,253.0
Mere, Iasi,2000,1830102.0,10.0,17954.0
Mere, Iasi,2001,1950098.0,14.0,25374.0
Mere, Iasi,2002,1967613.0,14.0,27906.0
Mere, Iasi,2003,1929254.0,15.0,28831.0
Mere, Iasi,2004,1713909.0,32.0,55228.0
Mere, Iasi,2005,1445232.0,24.0,36696.0
Mere, Iasi,2006,973476.0,25.0,24770.0
Mere, Iasi,2007,693048.0,17.0,11920.0
Mere, Iasi,2008,997203.0,16.0,15513.0
Mere, Iasi,2009,989773.0,17.0,16487.0
Mere, Iasi,2010,588385.0,18.0,10571.0
Mere, Iasi,2011,565656.0,16.0,9273.0
Mere, Iasi,2012,934070.0,14.0,13306.0
Mere, Iasi,2013,696988.0,15.0,10451.0
Mere, Iasi,2014,667178.0,16.0,10527.0
Mere, Iasi,2015,582470.0,20.0,11788.0
Mere, Iasi,2016,575790.0,17.0,10028.0
Mere, Iasi,2017,573690.0,19.0,11030.0
Mere, Iasi,2018,607344.0,25.0,14997.0
Mere, Iasi,2019,534564.0,24.0,12961.0
Mere, Iasi,2020,531352.0,24.0,12601.0
Mere, Iasi,2021,706334.0,25.0,17548.0
Mere, Iasi,2022,690692.0,20.0,14143.0
Mere, Iasi,2023,859704.0,18.0,15211.0
Mere, Iasi,2024,786796.0,17.0,13503.0
Mere, Ilfov,2000,156818.0,8.0,1209.0
Mere, Ilfov,2001,200839.0,6.0,1033.0
Mere, Ilfov,2002,182837.0,6.0,1164.0
Mere, Ilfov,2003,81480.0,25.0,2007.0
Mere, Ilfov,2004,60824.0,52.0,3147.0
Mere, Ilfov,2005,77426.0,13.0,1091.0
Mere, Ilfov,2006,66884.0,14.0,950.0
Mere, Ilfov,2007,29733.0,16.0,481.0
Mere, Ilfov,2008,39447.0,25.0,984.0
Mere, Ilfov,2009,41001.0,25.0,1028.0
Mere, Ilfov,2010,58490.0,9.0,553.0
Mere, Ilfov,2011,25252.0,22.0,566.0
Mere, Ilfov,2012,65865.0,13.0,869.0
Mere, Ilfov,2013,60274.0,9.0,567.0
Mere, Ilfov,2014,58978.0,10.0,566.0
Mere, Ilfov,2015,57313.0,8.0,452.0
Mere, Ilfov,2016,57187.0,7.0,388.0
Mere, Ilfov,2017,57001.0,7.0,380.0
Mere, Ilfov,2018,58830.0,10.0,606.0
Mere, Ilfov,2019,60209.0,6.0,352.0
Mere, Ilfov,2020,62739.0,7.0,448.0
Mere, Ilfov,2021,64341.0,8.0,506.0
Mere, Ilfov,2022,64075.0,5.0,346.0
Mere, Ilfov,2023,64482.0,5.0,353.0
Mere, Ilfov,2024,55319.0,6.0,349.0
Mere, Maramures,2000,2555959.0,15.0,39514.0
Mere, Maramures,2001,2435163.0,16.0,37401.0
Mere, Maramures,2002,2502697.0,19.0,47073.0
Mere, Maramures,2003,2496619.0,19.0,47929.0
Mere, Maramures,2004,1984615.0,15.0,30352.0
Mere, Maramures,2005,1895907.0,17.0,31602.0
Mere, Maramures,2006,2175877.0,16.0,33815.0
Mere, Maramures,2007,3966181.0,5.0,21378.0
Mere, Maramures,2008,3821614.0,10.0,38388.0
Mere, Maramures,2009,3839904.0,11.0,41284.0
Mere, Maramures,2010,3124693.0,14.0,42259.0
Mere, Maramures,2011,2918821.0,20.0,57629.0
Mere, Maramures,2012,2990393.0,13.0,39549.0
Mere, Maramures,2013,2905340.0,13.0,37821.0
Mere, Maramures,2014,2851218.0,14.0,39306.0
Mere, Maramures,2015,2860552.0,15.0,42657.0
Mere, Maramures,2016,2807602.0,12.0,33162.0
Mere, Maramures,2017,2800567.0,6.0,16908.0
Mere, Maramures,2018,2789691.0,17.0,47661.0
Mere, Maramures,2019,2770931.0,16.0,43719.0
Mere, Maramures,2020,2798781.0,18.0,49862.0
Mere, Maramures,2021,2796104.0,17.0,48854.0
Mere, Maramures,2022,2806183.0,16.0,43655.0
Mere, Maramures,2023,2780797.0,15.0,41041.0
Mere, Maramures,2024,2771507.0,14.0,37468.0
Mere, Mehedinti,2000,1358824.0,2.0,2742.0
Mere, Mehedinti,2001,1153576.0,7.0,4880.0
Mere, Mehedinti,2002,1152028.0,2.0,2385.0
Mere, Mehedinti,2003,1090590.0,24.0,25852.0
Mere, Mehedinti,2004,1149975.0,16.0,18143.0
Mere, Mehedinti,2005,1004773.0,4.0,4398.0
Mere, Mehedinti,2006,723085.0,12.0,8826.0
Mere, Mehedinti,2007,368195.0,6.0,2250.0
Mere, Mehedinti,2008,467304.0,5.0,2425.0
Mere, Mehedinti,2009,661191.0,16.0,10314.0
Mere, Mehedinti,2010,702328.0,14.0,9718.0
Mere, Mehedinti,2011,562103.0,20.0,11252.0
Mere, Mehedinti,2012,568598.0,14.0,8139.0
Mere, Mehedinti,2013,563190.0,20.0,11166.0
Mere, Mehedinti,2014,558262.0,15.0,8519.0
Mere, Mehedinti,2015,567039.0,16.0,8943.0
Mere, Mehedinti,2016,530030.0,26.0,13546.0
Mere, Mehedinti,2017,530163.0,27.0,14317.0
Mere, Mehedinti,2018,539602.0,30.0,16433.0
Mere, Mehedinti,2019,518753.0,30.0,15509.0
Mere, Mehedinti,2020,532180.0,42.0,22540.0
Mere, Mehedinti,2021,525422.0,44.0,22944.0
Mere, Mehedinti,2022,538395.0,28.0,14939.0
Mere, Mehedinti,2023,530837.0,24.0,12594.0
Mere, Mehedinti,2024,542829.0,21.0,11569.0
Mere, Municipiul Bucuresti,2000,34912.0,3.0,88.0
Mere, Municipiul Bucuresti,2001,32018.0,18.0,110.0
Mere, Municipiul Bucuresti,2002,13641.0,3.0,42.0
Mere, Municipiul Bucuresti,2003,12728.0,3.0,42.0
Mere, Municipiul Bucuresti,2004,7915.0,1.0,10.0
Mere, Municipiul Bucuresti,2005,7935.0,10.0,80.0
Mere, Municipiul Bucuresti,2006,7941.0,13.0,100.0
Mere, Municipiul Bucuresti,2007,12952.0,4.0,53.0
Mere, Municipiul Bucuresti,2008,14195.0,5.0,67.0
Mere, Municipiul Bucuresti,2009,10635.0,12.0,132.0
Mere, Municipiul Bucuresti,2010,25209.0,8.0,192.0
Mere, Municipiul Bucuresti,2011,17986.0,4.0,75.0
Mere, Municipiul Bucuresti,2012,4225.0,18.0,78.0
Mere, Municipiul Bucuresti,2013,2530.0,16.0,40.0
Mere, Municipiul Bucuresti,2014,1702.0,17.0,29.0
Mere, Municipiul Bucuresti,2015,1500.0,17.0,25.0
Mere, Municipiul Bucuresti,2016,1500.0,17.0,25.0
Mere, Municipiul Bucuresti,2018,2.0,,
Mere, Municipiul Bucuresti,2021,597.0,2.0,1.0
Mere, Municipiul Bucuresti,2022,570.0,5.0,3.0
Mere, Municipiul Bucuresti,2023,973.0,1.0,1.0
Mere, Municipiul Bucuresti,2024,973.0,2.0,2.0
Mere, Mures,2000,1910435.0,14.0,27026.0
Mere, Mures,2001,2181814.0,15.0,31957.0
Mere, Mures,2002,2365877.0,18.0,42930.0
Mere, Mures,2003,2465816.0,27.0,67179.0
Mere, Mures,2004,2541853.0,35.0,90084.0
Mere, Mures,2005,2365733.0,26.0,61032.0
Mere, Mures,2006,2017507.0,23.0,47249.0
Mere, Mures,2007,2116244.0,7.0,15470.0
Mere, Mures,2008,2404360.0,27.0,64715.0
Mere, Mures,2009,2265226.0,22.0,49670.0
Mere, Mures,2010,2179593.0,21.0,44990.0
Mere, Mures,2011,2164269.0,12.0,26611.0
Mere, Mures,2012,2035098.0,12.0,24531.0
Mere, Mures,2013,1981849.0,14.0,26796.0
Mere, Mures,2014,1845368.0,21.0,38078.0
Mere, Mures,2015,1640849.0,20.0,33258.0
Mere, Mures,2016,1284357.0,20.0,25667.0
Mere, Mures,2017,1281659.0,11.0,13961.0
Mere, Mures,2018,1237147.0,26.0,31972.0
Mere, Mures,2019,1192454.0,22.0,26537.0
Mere, Mures,2020,1185808.0,23.0,27102.0
Mere, Mures,2021,1235196.0,23.0,28395.0
Mere, Mures,2022,1261139.0,22.0,27613.0
Mere, Mures,2023,1040453.0,25.0,26237.0
Mere, Mures,2024,1008306.0,25.0,25061.0
Mere, Neamt,2000,929153.0,16.0,14626.0
Mere, Neamt,2001,929418.0,18.0,16101.0
Mere, Neamt,2002,908409.0,16.0,14843.0
Mere, Neamt,2003,854890.0,19.0,16222.0
Mere, Neamt,2004,801918.0,45.0,36202.0
Mere, Neamt,2005,829791.0,25.0,21277.0
Mere, Neamt,2006,721210.0,22.0,15909.0
Mere, Neamt,2007,747932.0,9.0,6450.0
Mere, Neamt,2008,752638.0,18.0,13729.0
Mere, Neamt,2009,751085.0,15.0,11200.0
Mere, Neamt,2010,782285.0,13.0,9991.0
Mere, Neamt,2011,744157.0,18.0,13133.0
Mere, Neamt,2012,742933.0,12.0,9241.0
Mere, Neamt,2013,742678.0,14.0,10174.0
Mere, Neamt,2014,751559.0,14.0,10781.0
Mere, Neamt,2015,752072.0,16.0,12114.0
Mere, Neamt,2016,756644.0,14.0,10412.0
Mere, Neamt,2017,753284.0,13.0,10083.0
Mere, Neamt,2018,748982.0,20.0,15138.0
Mere, Neamt,2019,751432.0,17.0,13061.0
Mere, Neamt,2020,749982.0,21.0,15379.0
Mere, Neamt,2021,746928.0,19.0,14145.0
Mere, Neamt,2022,746499.0,17.0,12541.0
Mere, Neamt,2023,751566.0,16.0,12268.0
Mere, Neamt,2024,751454.0,15.0,11473.0
Mere, Olt,2000,738312.0,3.0,2075.0
Mere, Olt,2001,491144.0,14.0,2237.0
Mere, Olt,2002,499497.0,3.0,1287.0
Mere, Olt,2003,562982.0,9.0,5336.0
Mere, Olt,2004,275867.0,43.0,11750.0
Mere, Olt,2005,332783.0,6.0,1981.0
Mere, Olt,2006,191010.0,19.0,3550.0
Mere, Olt,2007,249366.0,13.0,3172.0
Mere, Olt,2008,246823.0,13.0,3248.0
Mere, Olt,2009,243192.0,13.0,3200.0
Mere, Olt,2010,254571.0,15.0,3850.0
Mere, Olt,2011,239206.0,30.0,7160.0
Mere, Olt,2012,255912.0,12.0,3197.0
Mere, Olt,2013,256090.0,17.0,4357.0
Mere, Olt,2014,355794.0,14.0,5137.0
Mere, Olt,2015,431588.0,13.0,5747.0
Mere, Olt,2016,424213.0,14.0,5858.0
Mere, Olt,2017,414844.0,10.0,3997.0
Mere, Olt,2018,383244.0,17.0,6657.0
Mere, Olt,2019,362907.0,15.0,5296.0
Mere, Olt,2020,379628.0,14.0,5467.0
Mere, Olt,2021,328186.0,18.0,5829.0
Mere, Olt,2022,319373.0,15.0,4852.0
Mere, Olt,2023,323411.0,15.0,4796.0
Mere, Olt,2024,412055.0,11.0,4594.0
Mere, Prahova,2000,1476501.0,8.0,11095.0
Mere, Prahova,2001,1384988.0,13.0,12734.0
Mere, Prahova,2002,1213948.0,6.0,6923.0
Mere, Prahova,2003,1188513.0,27.0,31648.0
Mere, Prahova,2004,1233964.0,15.0,18705.0
Mere, Prahova,2005,1405642.0,14.0,20446.0
Mere, Prahova,2006,762394.0,17.0,13243.0
Mere, Prahova,2007,1124439.0,20.0,21963.0
Mere, Prahova,2008,1141732.0,9.0,9848.0
Mere, Prahova,2009,1113376.0,9.0,9616.0
Mere, Prahova,2010,869613.0,13.0,11717.0
Mere, Prahova,2011,867237.0,18.0,15288.0
Mere, Prahova,2012,824504.0,15.0,12500.0
Mere, Prahova,2013,813108.0,16.0,13175.0
Mere, Prahova,2014,832995.0,16.0,13712.0
Mere, Prahova,2015,821719.0,17.0,14366.0
Mere, Prahova,2016,825121.0,13.0,10966.0
Mere, Prahova,2017,824195.0,9.0,7801.0
Mere, Prahova,2018,868658.0,35.0,30041.0
Mere, Prahova,2019,811707.0,24.0,19340.0
Mere, Prahova,2020,782168.0,23.0,18085.0
Mere, Prahova,2021,762661.0,26.0,19565.0
Mere, Prahova,2022,602329.0,30.0,18263.0
Mere, Prahova,2023,644695.0,29.0,18735.0
Mere, Prahova,2024,578936.0,17.0,9951.0
Mere, Regiunea SUD-EST,2000,,9.0,
Mere, Regiunea SUD-EST,2001,,17.0,
Mere, Regiunea SUD-EST,2002,,11.0,
Mere, Regiunea SUD-EST,2003,,20.0,
Mere, Regiunea SUD-EST,2004,,27.0,
Mere, Regiunea SUD-EST,2005,,22.0,
Mere, Regiunea SUD-EST,2006,,23.0,
Mere, Regiunea SUD-EST,2007,,17.0,
Mere, Regiunea SUD-EST,2008,,16.0,
Mere, Regiunea SUD-EST,2009,,15.0,
Mere, Regiunea SUD-EST,2010,,21.0,
Mere, Regiunea SUD-EST,2011,,25.0,
Mere, Regiunea SUD-EST,2012,,15.0,
Mere, Regiunea SUD-EST,2013,,17.0,
Mere, Regiunea SUD-EST,2014,,20.0,
Mere, Regiunea SUD-EST,2015,,19.0,
Mere, Regiunea SUD-EST,2016,,16.0,
Mere, Regiunea SUD-EST,2017,,12.0,
Mere, Regiunea SUD-EST,2018,,21.0,
Mere, Regiunea SUD-EST,2019,,19.0,
Mere, Regiunea SUD-EST,2020,,18.0,
Mere, Regiunea SUD-EST,2021,,22.0,
Mere, Regiunea SUD-EST,2022,,19.0,
Mere, Regiunea SUD-EST,2023,,19.0,
Mere, Regiunea SUD-EST,2024,,16.0,
Mere, Salaj,2000,1247541.0,13.0,15945.0
Mere, Salaj,2001,1255817.0,15.0,14805.0
Mere, Salaj,2002,1205338.0,9.0,11327.0
Mere, Salaj,2003,1102528.0,37.0,40544.0
Mere, Salaj,2004,990474.0,27.0,27067.0
Mere, Salaj,2005,295600.0,26.0,8000.0
Mere, Salaj,2006,907393.0,15.0,13724.0
Mere, Salaj,2007,1130364.0,4.0,4831.0
Mere, Salaj,2008,1079015.0,20.0,21535.0
Mere, Salaj,2009,1139508.0,14.0,16109.0
Mere, Salaj,2010,1100108.0,18.0,19549.0
Mere, Salaj,2011,1095544.0,22.0,24409.0
Mere, Salaj,2012,1264333.0,14.0,18193.0
Mere, Salaj,2013,1012376.0,19.0,19679.0
Mere, Salaj,2014,1096001.0,25.0,27672.0
Mere, Salaj,2015,998583.0,22.0,21655.0
Mere, Salaj,2016,969760.0,21.0,20549.0
Mere, Salaj,2017,963842.0,17.0,16206.0
Mere, Salaj,2018,862076.0,26.0,22767.0
Mere, Salaj,2019,847412.0,26.0,22207.0
Mere, Salaj,2020,861652.0,28.0,24015.0
Mere, Salaj,2021,901289.0,28.0,25109.0
Mere, Salaj,2022,1560476.0,12.0,18845.0
Mere, Salaj,2023,1472490.0,13.0,18905.0
Mere, Salaj,2024,1467092.0,12.0,18267.0
Mere, Satu Mare,2000,1412006.0,13.0,17905.0
Mere, Satu Mare,2001,1237096.0,12.0,13778.0
Mere, Satu Mare,2002,1310148.0,9.0,11222.0
Mere, Satu Mare,2003,1269574.0,7.0,8457.0
Mere, Satu Mare,2004,1176177.0,33.0,38499.0
Mere, Satu Mare,2005,1397009.0,9.0,13275.0
Mere, Satu Mare,2006,1124463.0,14.0,15827.0
Mere, Satu Mare,2007,847758.0,18.0,15306.0
Mere, Satu Mare,2008,831376.0,4.0,3674.0
Mere, Satu Mare,2009,846515.0,18.0,14864.0
Mere, Satu Mare,2010,718736.0,15.0,10829.0
Mere, Satu Mare,2011,399822.0,15.0,6069.0
Mere, Satu Mare,2012,505168.0,12.0,5888.0
Mere, Satu Mare,2013,399065.0,15.0,6023.0
Mere, Satu Mare,2014,427880.0,37.0,15695.0
Mere, Satu Mare,2015,620928.0,25.0,15711.0
Mere, Satu Mare,2016,535458.0,31.0,16448.0
Mere, Satu Mare,2017,1162085.0,14.0,16475.0
Mere, Satu Mare,2018,556848.0,21.0,11534.0
Mere, Satu Mare,2019,550887.0,18.0,9812.0
Mere, Satu Mare,2020,547712.0,21.0,11547.0
Mere, Satu Mare,2021,512189.0,24.0,12314.0
Mere, Satu Mare,2022,501503.0,17.0,8745.0
Mere, Satu Mare,2023,537280.0,18.0,9430.0
Mere, Satu Mare,2024,531341.0,17.0,8796.0
Mere, Sibiu,2000,1133742.0,9.0,9958.0
Mere, Sibiu,2001,1237477.0,21.0,14544.0
Mere, Sibiu,2002,1212682.0,20.0,23676.0
Mere, Sibiu,2003,1123025.0,19.0,21017.0
Mere, Sibiu,2004,1426483.0,18.0,25585.0
Mere, Sibiu,2005,1297603.0,10.0,13924.0
Mere, Sibiu,2006,901976.0,18.0,16184.0
Mere, Sibiu,2007,841506.0,14.0,12135.0
Mere, Sibiu,2008,1125487.0,16.0,18256.0
Mere, Sibiu,2009,838691.0,19.0,16273.0
Mere, Sibiu,2010,1141237.0,18.0,20768.0
Mere, Sibiu,2011,1413856.0,8.0,10638.0
Mere, Sibiu,2012,1386227.0,6.0,8500.0
Mere, Sibiu,2013,1205538.0,11.0,12794.0
Mere, Sibiu,2014,1109725.0,10.0,11600.0
Mere, Sibiu,2015,863182.0,9.0,7522.0
Mere, Sibiu,2016,989176.0,9.0,9396.0
Mere, Sibiu,2017,931928.0,10.0,9093.0
Mere, Sibiu,2018,769637.0,14.0,10856.0
Mere, Sibiu,2019,803829.0,11.0,9134.0
Mere, Sibiu,2020,762623.0,12.0,8826.0
Mere, Sibiu,2021,731870.0,13.0,9652.0
Mere, Sibiu,2022,672415.0,8.0,5375.0
Mere, Sibiu,2023,620252.0,9.0,5719.0
Mere, Sibiu,2024,498017.0,10.0,4819.0
Mere, Suceava,2000,1697279.0,13.0,21854.0
Mere, Suceava,2001,1620015.0,21.0,29120.0
Mere, Suceava,2002,1643921.0,18.0,30366.0
Mere, Suceava,2003,1610038.0,19.0,30688.0
Mere, Suceava,2004,1805847.0,42.0,75825.0
Mere, Suceava,2005,1345722.0,16.0,25401.0
Mere, Suceava,2006,1476610.0,24.0,36155.0
Mere, Suceava,2007,1796149.0,18.0,32571.0
Mere, Suceava,2008,1837736.0,19.0,34872.0
Mere, Suceava,2009,1907864.0,24.0,45539.0
Mere, Suceava,2010,1862198.0,19.0,35209.0
Mere, Suceava,2011,1986639.0,25.0,49760.0
Mere, Suceava,2012,1621707.0,21.0,34517.0
Mere, Suceava,2013,1630698.0,20.0,33187.0
Mere, Suceava,2014,1604928.0,23.0,37354.0
Mere, Suceava,2015,1561181.0,20.0,31460.0
Mere, Suceava,2016,1478998.0,20.0,28900.0
Mere, Suceava,2017,1666833.0,15.0,24985.0
Mere, Suceava,2018,1657963.0,22.0,37003.0
Mere, Suceava,2019,1456283.0,21.0,30388.0
Mere, Suceava,2020,1540552.0,20.0,31555.0
Mere, Suceava,2021,1823992.0,27.0,49224.0
Mere, Suceava,2022,1925214.0,29.0,55856.0
Mere, Suceava,2023,1936302.0,29.0,55518.0
Mere, Suceava,2024,2000424.0,24.0,47271.0
Mere, Teleorman,2000,107785.0,13.0,1356.0
Mere, Teleorman,2001,112636.0,16.0,1769.0
Mere, Teleorman,2002,126390.0,10.0,1223.0
Mere, Teleorman,2003,119219.0,12.0,1413.0
Mere, Teleorman,2004,138599.0,16.0,2173.0
Mere, Teleorman,2005,113602.0,11.0,2183.0
Mere, Teleorman,2006,98649.0,12.0,1140.0
Mere, Teleorman,2007,48916.0,11.0,537.0
Mere, Teleorman,2008,47389.0,12.0,579.0
Mere, Teleorman,2009,46964.0,13.0,592.0
Mere, Teleorman,2010,46501.0,15.0,715.0
Mere, Teleorman,2011,47074.0,24.0,1127.0
Mere, Teleorman,2012,48446.0,13.0,643.0
Mere, Teleorman,2013,48226.0,18.0,857.0
Mere, Teleorman,2014,49460.0,21.0,1054.0
Mere, Teleorman,2015,130000.0,9.0,1156.0
Mere, Teleorman,2016,49895.0,19.0,949.0
Mere, Teleorman,2017,49513.0,19.0,948.0
Mere, Teleorman,2018,50353.0,34.0,1695.0
Mere, Teleorman,2019,49854.0,30.0,1501.0
Mere, Teleorman,2020,50188.0,27.0,1354.0
Mere, Teleorman,2021,50394.0,26.0,1305.0
Mere, Teleorman,2022,50817.0,25.0,1253.0
Mere, Teleorman,2023,51044.0,23.0,1154.0
Mere, Teleorman,2024,49627.0,22.0,1102.0
Mere, Timis,2000,1434226.0,7.0,
Mere, Timis,2001,974580.0,8.0,
Mere, Timis,2002,919285.0,3.0,
Mere, Timis,2003,882163.0,8.0,
Mere, Timis,2004,781890.0,18.0,
Mere, Timis,2005,603316.0,16.0,
Mere, Timis,2006,473590.0,20.0,
Mere, Timis,2007,558903.0,25.0,
Mere, Timis,2008,537124.0,5.0,
Mere, Timis,2009,384853.0,15.0,
Mere, Timis,2010,1028641.0,12.0,
Mere, Timis,2011,228120.0,29.0,
Mere, Timis,2012,243143.0,15.0,
Mere, Timis,2013,179052.0,24.0,
Mere, Timis,2014,251998.0,18.0,
Mere, Timis,2015,227888.0,25.0,
Mere, Timis,2016,209183.0,19.0,
Mere, Timis,2017,198846.0,20.0,
Mere, Timis,2018,244840.0,33.0,
Mere, Timis,2019,259465.0,29.0,
Mere, Timis,2020,252798.0,26.0,
Mere, Timis,2021,360517.0,20.0,
Mere, Timis,2022,359313.0,16.0,
Mere, Timis,2023,211762.0,22.0,
Mere, Timis,2024,263713.0,18.0,
Mere, Tulcea,2000,187522.0,1.0,150.0
Mere, Tulcea,2001,143005.0,15.0,551.0
Mere, Tulcea,2002,177623.0,9.0,1575.0
Mere, Tulcea,2003,167936.0,7.0,1095.0
Mere, Tulcea,2004,180940.0,5.0,982.0
Mere, Tulcea,2005,293910.0,11.0,3616.0
Mere, Tulcea,2006,71905.0,28.0,1999.0
Mere, Tulcea,2007,33601.0,18.0,618.0
Mere, Tulcea,2008,76950.0,27.0,2104.0
Mere, Tulcea,2009,94944.0,23.0,2163.0
Mere, Tulcea,2010,93644.0,18.0,1714.0
Mere, Tulcea,2011,95332.0,25.0,2428.0
Mere, Tulcea,2012,95527.0,15.0,1403.0
Mere, Tulcea,2013,93137.0,13.0,1254.0
Mere, Tulcea,2014,92249.0,16.0,1484.0
Mere, Tulcea,2015,70712.0,19.0,1353.0
Mere, Tulcea,2016,69085.0,18.0,1240.0
Mere, Tulcea,2017,69145.0,17.0,1179.0
Mere, Tulcea,2018,69140.0,31.0,2110.0
Mere, Tulcea,2019,69183.0,24.0,1662.0
Mere, Tulcea,2020,69542.0,22.0,1526.0
Mere, Tulcea,2021,69692.0,19.0,1321.0
Mere, Tulcea,2022,69757.0,17.0,1185.0
Mere, Tulcea,2023,69797.0,16.0,1115.0
Mere, Tulcea,2024,70262.0,15.0,1082.0
Mere, Valcea,2000,903581.0,21.0,19350.0
Mere, Valcea,2001,1137222.0,21.0,22605.0
Mere, Valcea,2002,1097688.0,9.0,10191.0
Mere, Valcea,2003,1117431.0,36.0,40567.0
Mere, Valcea,2004,1007756.0,36.0,35936.0
Mere, Valcea,2005,1172104.0,15.0,18562.0
Mere, Valcea,2006,873657.0,20.0,17272.0
Mere, Valcea,2007,862334.0,31.0,26506.0
Mere, Valcea,2008,852379.0,19.0,16497.0
Mere, Valcea,2009,958880.0,26.0,25380.0
Mere, Valcea,2010,1018342.0,35.0,36129.0
Mere, Valcea,2011,1035911.0,37.0,38050.0
Mere, Valcea,2012,1009357.0,26.0,26064.0
Mere, Valcea,2013,1018508.0,26.0,26859.0
Mere, Valcea,2014,1060347.0,15.0,15412.0
Mere, Valcea,2015,687564.0,21.0,14479.0
Mere, Valcea,2016,709874.0,22.0,15886.0
Mere, Valcea,2017,698922.0,21.0,14756.0
Mere, Valcea,2018,703967.0,50.0,35094.0
Mere, Valcea,2019,719027.0,37.0,26933.0
Mere, Valcea,2020,987150.0,37.0,36036.0
Mere, Valcea,2021,1028620.0,36.0,36922.0
Mere, Valcea,2022,1016869.0,29.0,29196.0
Mere, Valcea,2023,1116889.0,25.0,27553.0
Mere, Valcea,2024,1088310.0,25.0,26836.0
Mere, Vaslui,2000,1207195.0,5.0,6237.0
Mere, Vaslui,2001,1464535.0,6.0,7521.0
Mere, Vaslui,2002,1305816.0,5.0,6252.0
Mere, Vaslui,2003,1226993.0,12.0,14817.0
Mere, Vaslui,2004,1472926.0,20.0,29293.0
Mere, Vaslui,2005,735985.0,13.0,11255.0
Mere, Vaslui,2006,439866.0,30.0,13389.0
Mere, Vaslui,2007,545175.0,12.0,6535.0
Mere, Vaslui,2008,446871.0,8.0,3796.0
Mere, Vaslui,2009,367569.0,24.0,8910.0
Mere, Vaslui,2010,336280.0,13.0,4353.0
Mere, Vaslui,2011,619788.0,9.0,5752.0
Mere, Vaslui,2012,408981.0,12.0,4943.0
Mere, Vaslui,2013,241997.0,8.0,2040.0
Mere, Vaslui,2014,525612.0,16.0,8537.0
Mere, Vaslui,2015,592277.0,13.0,7844.0
Mere, Vaslui,2016,624138.0,14.0,8700.0
Mere, Vaslui,2017,617045.0,11.0,7095.0
Mere, Vaslui,2018,5110865.0,2.0,8664.0
Mere, Vaslui,2019,586494.0,12.0,7180.0
Mere, Vaslui,2020,465624.0,15.0,7003.0
Mere, Vaslui,2021,211996.0,24.0,5004.0
Mere, Vaslui,2022,366980.0,12.0,4351.0
Mere, Vaslui,2023,252142.0,24.0,5944.0
Mere, Vaslui,2024,228100.0,23.0,5248.0
Mere, Vrancea,2000,891578.0,10.0,9046.0
Mere, Vrancea,2001,773657.0,13.0,9391.0
Mere, Vrancea,2002,766154.0,16.0,12137.0
Mere, Vrancea,2003,695592.0,18.0,12777.0
Mere, Vrancea,2004,783435.0,41.0,32033.0
Mere, Vrancea,2005,772963.0,25.0,19887.0
Mere, Vrancea,2006,736117.0,30.0,22182.0
Mere, Vrancea,2007,670037.0,19.0,12547.0
Mere, Vrancea,2008,637533.0,21.0,13339.0
Mere, Vrancea,2009,644732.0,20.0,12597.0
Mere, Vrancea,2010,667829.0,19.0,12953.0
Mere, Vrancea,2011,694949.0,25.0,17360.0
Mere, Vrancea,2012,942257.0,13.0,11932.0
Mere, Vrancea,2013,887643.0,13.0,11980.0
Mere, Vrancea,2014,682408.0,19.0,12714.0
Mere, Vrancea,2015,668608.0,18.0,11767.0
Mere, Vrancea,2016,903078.0,14.0,12355.0
Mere, Vrancea,2017,898980.0,11.0,10160.0
Mere, Vrancea,2018,664988.0,18.0,12026.0
Mere, Vrancea,2019,664241.0,17.0,11492.0
Mere, Vrancea,2020,663507.0,16.0,10808.0
Mere, Vrancea,2021,669637.0,17.0,11111.0
Mere, Vrancea,2022,667555.0,15.0,9864.0
Mere, Vrancea,2023,730317.0,16.0,11490.0
Mere, Vrancea,2024,711506.0,15.0,10374.0
